position,velocity,dt
0.004801,0.96025,10
0.019205,1.440375,10
0.043211,2.400625,10
0.07682,3.360875,10
0.11523,3.841,10
0.149833,3.460275,10
0.175827,2.599425,10
0.192219,1.639175,10
0.199008,0.678925,10
0.200002,0.0994,10
0.200002,0,10